True Label,Predicted Label
5,5.419831090684452
5,4.723633093076894
5,4.806443243695157
5,4.889473331284179
5,4.931322339216288
5,4.847142088491477
5,4.705169313186765
5,4.739776768889867
5,4.685145874318587
5,4.766484031879177
5,4.918948961476167
5,4.7945053934939885
5,4.939825468882331
5,4.807815680138672
5,4.886265999715031
5,5.478166889485313
5,5.453129062763654
5,5.019760802699616
5,5.199620056716191
5,4.9651224057072385
5,4.968261180626261
5,4.988127021012097
5,4.78035187613388
5,5.025428207028792
5,5.128998045953409
5,5.068887958895642
5,5.377532832948512
5,5.281989148396886
5,5.363528612954475
5,5.253681287233849
5,5.284732904896728
4,4.256448627079969
4,4.107343082556424
4,4.29719296046109
4,4.180650904752171
4,4.015855463146084
4,4.174732981387333
4,4.233562133688119
4,4.306527616405502
4,4.2217855190200355
4,4.174076687862119
4,4.157828092640171
4,4.389982118823055
4,4.541781592887241
4,3.8910606930220735
4,4.3104131333695594
4,4.494717752697126
4,4.184970755461799
4,4.3178657096956705
4,4.586169503009849
4,4.851834056399641
4,4.57293780508298
4,4.512896769483418
4,4.219599204324785
4,4.380456951730727
6,5.802466907487942
6,5.8972715713885435
6,5.906631672401014
6,6.1512624885003415
6,5.902733347625206
6,5.5904025883718536
6,5.666277858475185
6,5.97827556992034
6,5.975784221368169
6,5.997044477930491
6,6.03241530730442
6,5.9127219013215715
6,5.743986390387094
6,5.727044682391341
6,5.71040517384241
6,5.6268891632144165
6,5.792987427966885
6,5.670892828360792
6,5.833415750246339
6,5.967422120057406
6,5.857986624244193
6,5.711876811432468
6,5.855300632673842
6,5.960160131077158
1,1.7725088075347113
1,1.4288150313009376
1,1.4589959564217785
1,1.0809328091468866
1,1.4166222425895447
1,1.4755505223240228
1,1.3884891663793275
1,1.5729014179541907
1,1.1916290082139152
1,1.304537392756382
1,1.3641026229392614
1,1.3038317384313292
1,1.468431120041219
1,1.5413479909291694
1,1.4432719330455028
1,1.5304250452903179
1,1.3638295052768838
1,1.3083002095824128
1,1.3308834607814988
1,1.1358224696618273
1,1.4767374273662877
1,1.3731711189495672
1,1.6544023170434523
1,1.3769252967214474
1,1.3558315477559266
1,1.3495058956227068
1,1.215003686951523
1,1.3537935672582857
1,1.149043686154799
1,1.358809575565823
3,3.139394958741968
3,2.9938090167545734
3,3.099473904801022
3,2.8172599181926317
3,2.4530081087659346
3,2.7616032161050628
3,2.7822411170592374
3,2.8534289462374915
3,2.6492010112362827
3,2.646118131656533
3,2.393712442158219
3,2.4235884146509963
3,2.502207723314984
3,2.583099161929477
3,2.4577736848715057
3,2.43996488304737
3,3.431400080640645
3,3.067733903234444
3,2.4055900856391075
3,2.5502803613906773
3,2.4636006903964596
3,2.8925317060997076
3,2.4465882391557607
3,2.687577210370587
2,2.0016136831900893
2,1.9224012520129454
2,1.988834840278455
2,2.2426537654751733
2,1.8824768732903392
2,2.1783012802532586
2,2.2010802796188007
2,2.0252739098492745
2,2.338994637611596
2,2.522113498926153
2,2.131502593330803
2,2.047329961026039
2,1.7924865885976682
2,2.0471494214968695
2,1.8663345131152054
2,1.5353987858136398
2,1.683749603366853
2,1.9922479340128936
2,2.166112321593955
2,1.6891424573492406
2,1.9428264014095573
2,2.2040606117401023
2,2.2283072915788837
2,1.8448559895096615
2,1.7914069304063236
5,5.259318531353156
5,4.9992122147958495
5,4.920349854631956
5,4.835191128907296
5,4.758722640440002
5,4.925199814317977
5,5.022210716708842
5,4.774605527211772
5,4.691271511484991
5,4.879110880516574
5,5.0445564060635135
5,5.709339304434339
5,5.239031637650235
5,5.186038332960239
5,5.164245526491362
5,4.881482089564491
5,4.849285679542736
5,5.052324310423583
5,5.188151448006456
5,5.14005509899923
5,5.094675538295551
5,5.276568166207861
5,5.210526827995305
4,4.689685209679615
4,4.367988631455341
4,3.95930456731998
4,3.7404887503598103
4,4.149715742625527
4,3.8896375891843546
4,4.352250244542295
4,4.333958290506126
4,4.186187824226671
4,3.947686067316399
4,4.082895915110194
4,3.866665420211974
4,4.397756499402383
4,4.304738748609116
4,4.2701400594254775
4,4.3804285279230974
4,4.304944151520395
4,4.37947965427022
4,4.282829976215849
4,4.029963095095002
4,3.8639507003340174
4,4.018124589908867
6,5.943836490460647
6,5.640306380498107
6,5.765284832058712
6,6.204796736945168
6,6.094391871829359
6,5.862778889368892
6,5.976719186265213
6,5.888220138467068
6,5.808064881235066
6,5.920150225083323
6,5.98313108481511
6,6.151939287766095
6,5.8039652927032535
6,5.906103998165901
6,5.951176040995111
6,5.915151524634524
6,5.938402934399216
6,6.13499436984489
6,6.137582207748847
6,6.339024189634316
6,5.964956951673878
6,5.951684897569093
6,5.987313544599142
6,5.698216654167833
1,1.9932971875818684
1,1.4922908138550053
1,1.2859684475094135
1,1.5039541378358723
1,1.4706104837011233
1,1.5470747375111529
1,1.555563313509115
1,1.3899643160148014
1,1.7882656645536177
1,1.4743951410711706
1,1.1923905747156494
1,1.2732551643572214
1,1.3976440318052021
1,1.2729893473662193
1,1.496058323769648
1,1.2823331752498213
1,1.3102703110156262
1,1.6214673297446187
1,1.1420695613052918
1,1.0446111348294025
1,1.0158974327276802
1,1.596521313351555
1,1.6482311895321997
1,1.1703206877464778
1,0.9711704838344097
1,1.1616169846697297
1,1.0544548453877471
1,1.3402028116426954
1,1.8357253221393328
3,3.230438253451969
3,2.941675644367173
3,2.9976935843060275
3,3.2095671358093556
3,3.10023037426937
3,3.102998955322875
3,3.4355833902246102
3,3.0854269094656974
3,3.043642176920307
3,3.0514764777038375
3,3.1333738866307943
3,3.6874244808526986
3,3.5520486936371367
3,3.6764039656126046
3,3.394278092596007
3,3.1391002765622202
3,3.0321412389385043
3,2.1376839644439665
3,2.6492933223853505
3,3.2506713728918255
3,3.3093344681369863
3,2.7335038332062487
3,3.525374686026881
2,2.433919734265809
2,2.3721533376443737
2,2.627170780686206
2,2.1599873024820537
2,2.44081689630803
2,2.495819305082498
2,2.4854777019934176
2,2.218325943770592
2,2.3390403232947845
2,2.4591617901959584
2,2.3753792218025076
2,2.2846822192761813
2,2.1816442080254546
2,2.466452128814579
2,1.8667089304305964
2,1.6634341313228447
2,2.596250688944542
2,1.9499746569797287
2,1.9982001204365492
2,2.3867784107372603
2,2.364005893165351
2,1.7708949785377246
2,2.025292283914175
5,4.3648675634336795
5,4.623526252141201
5,4.326354165450962
5,4.415504967000734
5,4.402822704348312
5,4.513672464347827
5,4.485141807931514
5,4.719460505352773
5,4.535932687439666
5,4.6039076395908225
5,4.68805443217839
5,4.510232281219782
5,4.619349384472678
5,4.655115953912438
5,4.697222131544916
5,5.099870681893414
5,4.776188017414424
5,4.903668282111029
5,4.710624942844692
5,4.639441645879093
5,4.839949157357245
5,4.762721508303218
5,4.725172139155916
5,4.794464561842972
5,4.674141617122145
5,4.463030521143856
5,4.7433282414883395
5,4.714914666312274
4,4.034053625069668
4,3.597368252549028
4,3.5347914040021298
4,3.7371393836548883
4,3.796450936003685
4,3.9741924232430126
4,3.8020730255286668
4,3.871496524105972
4,3.9428427533152557
4,3.9649501692600126
4,3.934900619990347
4,4.021019729993009
4,4.12080864694242
4,4.172708711796034
4,4.137410810029967
4,4.0874990663543995
4,4.38401808129526
4,4.4271487663284255
4,4.443646065706528
4,4.070093806823549
4,3.978794612228993
4,3.9722116271520216
4,3.96629960715269
4,4.11839433569502
6,5.343995160413782
6,5.772229760263234
6,5.70686426765437
6,5.42877322755373
6,5.761685313188551
6,5.670663586969068
6,5.464018618534698
6,5.9705105255627
6,5.84937731125571
6,5.654745376314338
6,5.817581296749969
6,5.7991564281710035
6,5.7408583406957625
6,5.697304561138525
6,5.8059369986059055
6,5.680682170409785
6,4.450624595905464
6,5.733388148168097
6,6.061963409868883
6,5.739298446128746
6,5.978553800054968
6,6.031430987072307
6,6.211888468035113
6,6.107143869755571
6,6.074180937785087
6,6.078992658515338
6,5.952337824770444
6,6.14096517981856
6,6.139842276097012
6,5.976301640355489
1,1.704432959498578
1,1.308642424904745
1,1.167213573820018
1,0.9297749119773075
1,1.2013598263127512
1,0.8993076197180132
1,0.7681619935762405
1,0.9474389368731639
1,1.0047287853106943
1,0.8064631977121657
1,1.02425447602571
1,0.9223157030855913
1,0.7953650692849825
1,0.9754785595481543
1,1.1285572545302398
1,0.8424454707614752
1,1.272288511327953
1,1.3469230230148819
1,1.3233007820878924
1,1.2035077539133234
1,1.0681014619843818
1,1.4223683351928722
1,0.9329900882925761
1,0.9085705399403836
1,0.9641233536724498
1,1.0270710816643827
1,0.7106066050203061
1,0.7478083059288241
1,1.187217361206243
1,0.9717178684085286
1,0.8685972535401505
3,3.2692491442886187
3,3.2587313922754886
3,2.7006490860058783
3,3.273362795370461
3,2.9305963501543486
3,2.8023004611237745
3,2.985543372557231
3,3.0617654041043565
3,2.6583696295961086
3,2.7063123478863726
3,2.597753674325732
3,2.3231997260543498
3,2.508378580443817
3,2.761325626666491
3,2.9912312215831
3,3.443346423931678
3,3.14291424864751
3,2.5635160352491897
3,2.438198346807482
3,2.4072743099221046
3,2.468630888358033
3,2.825651424385055
3,2.9040424986742073
2,2.0782308739684145
2,2.6536554868974402
2,2.3168595859000822
2,2.029415347980835
2,2.078359215281333
2,2.2010363102623454
2,2.2066853705610243
2,2.1561732865034253
2,2.355112090291387
2,2.132184312267401
2,2.12161270126314
2,2.5456174883902225
2,2.8276380834608132
2,2.191489998879771
2,1.7816312303687962
2,2.2623650622102676
2,2.602026033208798
2,2.36853721195999
2,2.040391417822122
2,1.8886914445791834
2,2.295680332370533
2,2.468257737857246
2,2.000700919328019
2,1.7921414992624214
2,2.0303807872031436
2,1.807350130526933
2,1.9533633211539283
2,2.323192192184348
5,4.400998405835113
5,4.454675179446216
5,4.188083529804264
5,4.218705559751138
5,4.603893342413468
5,5.11257766506381
5,4.892942729876085
5,4.833626265513702
5,4.642170341930422
5,4.609192940942653
5,4.5932117153613286
5,4.507810688008461
5,4.627721513181108
5,4.64016293088489
5,4.467645705355154
5,4.449760917822125
5,4.792825884130742
5,4.396528843356278
5,4.611480916838044
5,5.1037488309760874
5,4.835040393063937
5,4.708550377983597
5,5.217697260998379
5,4.864283065969976
5,4.715855199898653
5,4.678443711392978
5,4.835249044836009
5,5.25846269507454
4,4.1321717022366675
4,4.266465525963451
4,3.8235294141184473
4,4.091888025415666
4,4.481427500361136
4,4.231363710520418
4,4.061318224662861
4,4.122910916370257
4,4.2117451228545475
4,4.295019015141845
4,4.0709132975984
4,4.332829404434566
4,4.221350058491354
4,4.240598654005115
4,4.4312902107473136
4,4.233497561205978
4,4.593417705728469
4,4.755285892469946
4,4.572895420019611
4,4.473306526814806
4,4.847244081737447
4,4.56305155994259
4,4.160706152289412
4,3.3769386413589135
4,3.259096546623482
4,3.7231013634602963
6,5.986386054432964
6,6.078303021650166
6,5.7450896054236225
6,5.7423663280641914
6,5.463071292390586
6,5.693507368860068
6,5.785712282651769
6,5.697545713635067
6,5.664672444805596
6,5.758987453819055
6,5.767672322740871
6,5.459483104667678
6,5.927142468835352
6,6.473160181895283
6,6.057222240426424
6,5.842608457639681
6,5.84000907094837
6,5.951467272897851
6,6.026476011053179
6,5.975665707495526
6,5.968280958963007
6,5.728596281850711
6,5.747029403440686
6,5.723966679196623
1,1.5323610193691097
1,1.1705201724310954
1,1.0130069636770918
1,1.249408130011926
1,0.8955997344300979
1,0.8210402771189473
1,0.6446244619428776
1,1.0658865150624184
1,1.1070029562645272
1,1.0989408638625329
1,0.8014255847808518
1,1.0939802118582267
1,0.7606946748500838
1,1.029690591649222
1,1.9508099227111049
1,1.4832786764111194
1,1.2325376651608297
1,1.1208790573663778
1,0.9963527617523567
1,0.9320762141402503
1,0.9974395726691792
1,0.9828951456772166
1,0.8785807474401239
1,1.0669090155641463
1,0.9713872457862469
1,0.7747556070868629
1,0.9667765396087331
1,1.1160862312237958
1,1.333099186548358
3,2.6635772094868635
3,3.0228464246798183
3,2.800916861637245
3,2.8112654300972566
3,2.844560788146114
3,2.9167366056198
3,3.1110808959593763
3,3.2720844086295298
3,3.0295433804519405
3,3.067850370575277
3,2.625013541565739
3,2.75274867481634
3,2.7066042293064294
3,3.1813557457812345
3,3.3179282257670613
3,3.166899243143024
3,2.8772668915817614
3,2.8782929738070715
3,3.1705049965321632
3,2.3966571108311943
3,3.1432542606346034
3,3.2575545027108608
2,1.9983991272504191
2,1.8977819443203328
2,1.8065453857290197
2,1.845602099114846
2,1.851592971417905
2,2.1938856801460815
2,2.0773775048803005
2,2.0870315911725648
2,2.1481593356739004
2,1.9198002162343295
2,1.943422158976666
2,1.5757534406911877
2,1.6167072665611202
2,1.7733615412657566
2,1.613002747407985
2,1.9124666036490545
2,2.3205945339419003
2,2.047013556132724
2,1.7756984845823471
2,1.5554016477599784
2,1.9374005516231791
2,1.8436866901854645
2,1.642225753379356
2,1.5205748490047717
5,4.6140233397597905
5,4.269707503055329
5,4.343888890378497
5,4.2225306164845655
5,4.121206146482358
5,4.391817875423474
5,4.598968087312293
5,4.667236835697023
5,4.63574603437743
5,4.582050145460898
5,5.0581306386362614
5,4.803845493713607
5,4.450912106039432
5,4.507095501054352
5,4.639658444563153
5,4.556639502741205
5,4.535013299155655
5,5.1345759673351274
5,4.579152549670603
5,4.426764817859149
5,4.565280135598116
5,4.383276082494788
4,4.224976918992237
4,4.256646651392439
4,3.9115692713092387
4,4.133250623006377
4,4.4067344816378835
4,4.249950763017615
4,4.372949782179685
4,4.440120574538638
4,4.454382078276414
4,4.363343365949165
4,4.111881747494278
4,4.130060707179535
4,3.992521663425698
4,4.113264985243401
4,4.386587687531478
4,4.270655638180948
4,4.231775306395887
4,4.292794992717143
4,4.3940870805131755
4,4.252983642010514
4,4.3573291827829665
4,4.125032390199306
4,3.93681155114921
4,4.1579760892718385
4,4.088746183546344
6,5.903724530951403
6,5.642756157357189
6,5.647607134951878
6,6.007938789723818
6,6.194741156457704
6,6.198883990251902
6,6.241675355904608
6,5.9982287068018225
6,5.952211790711637
6,6.1348672558825985
6,6.209742123092951
6,6.031940958791328
6,5.738137427936915
6,6.307814223891665
6,6.114116472606029
6,6.288203334256723
6,6.040296563806852
6,6.186414128233786
6,6.196334664857966
6,6.0942170377682015
6,6.030242316596432
6,6.019975681811136
6,6.375252637558904
6,6.11998083822707
1,1.2500356407074515
1,1.4050010702262314
1,1.078251526295133
1,0.6825997124638894
1,1.2414052356591454
1,0.6992713320775086
1,0.49351331696605394
1,0.9060636255075734
1,0.9254565363752558
1,1.032738278412586
1,1.1318839986830955
1,0.8266883870549786
1,1.0141716118826203
1,1.1905603523243218
1,1.502465587900803
1,1.0711219314870877
1,0.7897583715414762
1,0.931628918771513
1,0.7629541743005959
1,0.7501786029065478
1,0.7584430576154411
1,0.704681249204901
1,0.7112874328498706
1,0.7357814351476124
1,0.4472145935564309
1,0.5744182490619023
3,3.3103908063620966
3,3.045123739244267
3,3.125760891916133
3,2.884737811771424
3,2.936690580036905
3,3.061363002922352
3,3.0660822137664976
2,2.1573398668257053
2,2.2769876366490656
2,1.9627933787147018
2,2.054742293993635
2,1.4186725690820947
2,1.9517477852525846
2,2.133537875014068
2,1.871394031709706
2,1.65177482623314
2,1.9598547003584126
3,2.938695246008612
3,3.058438006455804
3,2.6820235432017263
3,2.5347020919138723
3,2.3195248215365165
3,2.511375093251555
2,1.9654043230483254
2,2.0393953513968865
2,1.4831371755195364
2,1.6202834072985586
2,1.8578844413505307
2,1.804761456338002
2,1.8442616483762013
2,1.6424583467940113
3,3.036717220949157
3,3.5562315216611515
3,3.2068806041940423
3,3.2732436482871643
3,3.0260038454746403
3,2.6269800666557805
3,2.947607335529195
3,3.414062739653289
2,2.054039094387597
2,1.614027188447242
2,1.6778079181234902
2,1.5392689723958313
2,1.8582223213897193
2,1.5870999923947862
2,1.3774378736121737
2,1.567598547865809
5,3.0350568889594234
5,4.510887539733337
5,4.4537312721278575
5,4.859279260194655
5,5.068309818053796
5,4.786129172019757
5,4.853817519700523
5,4.841058932713946
5,4.671389148535054
5,4.636943272525732
5,4.781721573968734
5,3.7873817008956085
5,4.317516102341006
5,4.354378027880312
5,4.544120003926616
5,4.760920801999516
5,4.546441311274661
5,4.418218909732354
5,4.397528317699194
5,4.672378610935862
5,4.6713894584928255
5,4.660593384660425
5,4.88290969385095
4,4.915017402560436
4,4.397477552013909
4,4.514014930035341
4,3.957206448978921
4,3.4216226364609046
4,3.3706550609983976
4,3.8522771905232385
4,5.248741544554813
4,4.887174706393241
4,5.118003125533287
4,4.927794002710542
4,4.966116885465363
4,3.7189609166900968
4,4.137040295485759
4,4.132149274093885
4,4.519259633113682
4,4.542669958493356
4,4.493941439876586
4,4.332104269475274
4,4.408284241794172
4,4.248895711025804
4,3.7355240368470124
4,3.923184128338506
4,4.48389458285745
4,4.477454455192209
6,6.7877799612785745
6,6.668430775317184
6,6.513515504296903
6,6.654964595434218
6,6.795627361371235
6,6.3886744960956126
6,6.696164278274683
6,7.000242030753599
6,6.96273968579163
6,6.955012806527783
6,6.8317460503844
6,6.288507698137669
6,6.287067323748218
6,6.395490954242482
6,6.5927433883716615
6,6.568665283272712
6,6.414416843416274
6,6.31240857899112
6,6.361004658236907
6,6.324661401249733
6,6.3577187410621745
6,6.615076976948835
6,6.429879175785628
6,6.791809409825248
6,6.662985834763805
6,6.764033271410008
1,1.139566733759652
1,1.2735711432425756
1,1.3016492383116827
1,0.7952606311331643
1,0.9496692010168069
1,0.8722085474947643
1,0.9901919827386099
1,0.8150258430883794
1,0.5210329063982435
1,0.6939610927141633
1,0.7342649931815681
1,0.895768944302437
1,0.8525973963357845
1,0.9905562465341706
1,0.8428323592407447
1,0.9711427759330364
1,0.9519934492992603
1,1.3448400657457014
1,1.1390041309018155
1,0.9912648012887018
1,0.9307926168713991
1,0.9905273377234778
1,1.0406641765306786
1,0.8430229771697078
1,1.0077672322170725
1,1.4357198261895094
3,2.9335499394187052
3,2.7536322593779268
3,3.1736195651551964
3,2.9887094303978365
3,3.2773464900474156
3,3.0334409698813176
3,2.800545105977457
3,3.7164569088557036
3,3.5209894530280224
3,3.474328688480526
3,3.325009367537702
3,3.366807955428243
3,3.438438119927884
3,2.9626824441560045
2,1.1277820003247343
2,1.5621661211084015
2,1.2825757483897933
2,1.0125681198074319
2,1.509785575695695
2,1.3827593442978703
2,1.372797597140476
2,1.4936271297401138
2,1.2967950641440837
2,1.6700258710161635
2,1.0654965010255255
2,1.1577557854161382
2,1.3626882729940002
2,1.2696743575645675
2,1.640875706224603
2,2.010818521358845
2,1.930575141968466
2,1.05710903721637
2,1.5326288515522313
2,1.774653993457676
2,1.4056545092048687
2,1.4698692437090721
2,1.7837347606148266
3,3.0861181622901963
3,3.2645353272593045
3,2.8692996827333914
3,2.659152755108928
3,3.161685169171511
3,3.110246523922995
3,3.4958288339847665
5,4.939786315395894
5,4.533201438624699
5,4.6635439584759535
5,5.0015604141486785
5,5.269384654482618
5,5.324555878453799
5,4.79242110069316
5,4.817896464749504
5,5.0405557245181
5,5.03173768070315
5,4.95357986861019
5,4.960535384373875
5,5.490928463549608
5,5.265558506269167
5,4.931352443465208
5,4.859807907417029
5,4.771317136225791
5,5.097367870170156
5,4.906672725039641
5,4.850971786911607
5,5.063447360732048
5,4.566775011403945
5,4.954484237002101
4,3.7605649683066247
4,3.916317821202998
4,4.216443655995086
4,4.187638338571465
4,4.463992439234555
4,4.22924413192584
4,4.215904991592166
4,4.109253265933239
4,4.290519164166559
4,4.359429211848762
4,4.281358099583408
4,4.338869769734195
4,3.4014237651799424
4,3.9547141855533856
4,4.016877339712027
4,4.1067782961421635
4,4.2220015894617
4,4.25470403163656
4,4.327477138834492
4,3.9458529203080848
4,4.026995112142284
4,4.065402640560604
4,4.058641248389841
4,4.213429178934696
6,5.889659586440954
6,6.025075789066212
6,6.3190407737848355
6,6.110394694692754
6,5.6815111443018065
6,5.715079465437584
6,6.062434492543243
6,6.174986536405852
6,5.899008807626642
6,5.91888053282747
6,5.766893395494349
6,5.447262089931244
6,5.540753271826935
6,5.484284095967846
6,5.53108725622214
6,4.960258740631091
6,5.980067207701702
6,5.3016402576972945
6,5.354078023777704
6,5.375921806122264
6,5.679188983386185
6,5.566944438412689
6,5.631535393173927
6,5.5457866412751775
6,5.202959979718375
6,5.5486963170742
6,5.551490757160079
6,5.5401925933547655
6,5.543812841869669
6,5.626815690029256
6,6.144657012684371
1,1.8300519839092577
1,1.6921957368443397
1,1.4915387076263191
1,1.2883253107550212
1,1.4703832547102103
1,1.5976975247338263
1,1.2094729222020582
1,1.4013479176270853
1,1.4371098383776708
1,1.336445884116236
1,1.4835083576150319
1,1.6032724973961932
1,1.3015534323469895
1,1.0812212346553398
1,1.1510516449231547
1,0.8738153185796489
1,1.1033503161790064
1,1.0176719338914295
1,1.0946677379122782
1,1.1008054255724637
1,1.5459667425217276
1,1.4039381232111077
1,1.1500278105516668
1,1.1965272738202488
1,1.5034108799628907
1,1.3686829130790228
1,1.255820670431655
3,2.876893240652298
3,2.9601467549599576
3,3.2465821807526596
3,2.8990707935490345
3,3.163397393633654
3,3.5081778037608196
3,3.8377207401199023
3,2.872820197734886
3,2.487342566762664
3,2.7569474772225258
3,2.710342308807144
3,2.947339286817366
3,2.818632485204472
3,2.3141263075376557
3,2.5638239738888755
3,2.525712635350857
3,2.6164108661663104
3,3.0825835778343325
3,2.67096636222459
2,2.2042604755645114
2,1.834142394693524
2,1.5369518208011503
2,1.903180458361418
2,0.8163766689751597
2,1.3582690082355175
2,1.881303908659744
2,1.5086650352496283
2,1.5600324076509828
2,1.4392743509251096
2,1.644646338438706
2,1.9628575611266315
2,1.3796235481958767
2,1.338477872812645
2,1.5458910700672819
2,1.9546580907512792
2,1.8598273169561874
2,1.982546700624031
2,2.0093211546641667
2,1.61929525063541
2,1.5672334010843905
2,1.3204782084892224
2,1.7080254806889754
5,4.693695656757634
5,4.555155875950808
5,4.674179980248475
5,4.718515988321972
5,4.65622428665542
5,4.511935081721697
5,3.8833828994662762
5,4.496182134180807
5,4.506901843887167
5,4.921639190665291
5,4.799213327834218
5,5.306128587127063
5,4.963915315363985
5,4.909022473593998
5,4.854416642183668
5,4.710046414797338
5,4.458002488831542
5,4.495033750555363
5,4.6453754981238875
5,4.591783372435769
5,4.647880994370618
4,4.649155816108207
4,4.78696045342402
4,4.9448929239954715
4,4.753592542486024
4,5.223479900366023
4,5.0573895710229
4,5.226939003973494
4,5.4038323589044435
4,5.36698450958683
4,5.016115800397794
4,5.030238636664134
4,5.137059514232777
4,5.167892492663196
4,5.371121855014312
4,5.4256928887381894
4,5.46517381384285
4,5.599291823837678
4,4.34189918140963
4,4.173089948012364
4,4.1415609774044455
4,4.40960355064222
4,4.414659040341835
4,4.615477708703749
4,4.302548010076532
4,4.356556836237163
4,4.287707270919201
4,4.087613463122825
4,4.611538076448818
4,4.215143069190876
4,4.2341123561050376
6,8.464952075750311
6,7.897453753727509
6,7.903557857466844
6,7.96373800032419
6,7.737700760904699
6,7.573224163161903
6,7.592162795628523
6,7.446900414469834
6,7.595660765020773
6,7.830428723275842
6,8.832984551797576
6,8.397160654170516
6,7.986843012181849
6,8.048380516040337
6,8.392786482467226
6,8.36340686128268
6,8.417696587803484
6,8.247869632586681
6,7.9942110303412255
6,8.155228708000806
6,8.258783907309713
6,8.12232367952463
6,8.042348533403636
6,8.304850405258634
6,8.185881653015972
6,8.168063503344774
6,8.308929669944336
1,1.3555352461077752
1,1.080914697458636
1,0.9502542363601418
1,1.1804252600569263
1,1.0285449470716634
1,0.8259513255610385
1,0.9002772728948081
1,0.804980088923283
1,0.826038211043663
1,1.2057451601111309
1,1.2628068041862015
1,1.1692989932024784
1,0.8640950395606448
1,1.0399205846511488
1,1.0709829761472553
1,1.1567516649391156
1,0.870745459257781
1,0.6817942521017537
1,1.0227968541816246
1,1.512442337444977
1,1.0853508819276634
1,0.9402010908824958
1,0.8808328373263068
1,0.7286090238043212
1,0.8575601722766728
1,1.1638815004412852
3,2.5130067925723134
3,2.8764643834882544
3,2.6958066490155694
3,2.872924182660989
3,2.6388487806772893
3,2.9551794785932812
3,2.9784883187650286
3,2.744916634884524
3,2.859351746963205
3,2.1766158239232785
3,2.1980770097681805
3,3.069855917689332
3,2.6983197859692174
3,2.690394937489236
3,2.1354950127418753
3,2.8170630023735277
3,2.70404294799455
3,2.273341516757732
3,2.5718201823763156
2,1.7691539417918685
2,1.7399500572792042
2,1.031125171652966
2,1.3291712331012246
2,1.624752270455732
2,1.6935712769683786
2,1.3723134565170811
2,1.3829045615041369
2,1.4822791142312974
2,1.5961172567301554
2,1.2820359430292916
2,1.4817225784270747
2,1.781815574187349
2,1.5017735315644365
2,1.4932238169194973
2,1.68776689254773
2,1.4262312321609363
2,1.4795075538721418
2,1.2939027213971204
2,1.6294017518283637
2,1.5095731918209307
2,1.5816677684978675
2,1.6962611112933526
2,1.674369345334128
5,5.00529515238229
5,4.908196220554898
5,4.756722199823418
5,4.668386434306527
5,4.77255515832889
5,4.864785532644953
5,4.861386846384676
5,4.709105388787728
5,4.694998719781401
5,4.824648201770947
5,4.865951133279661
5,4.916810492484965
5,4.641081248070883
5,4.867851261253615
5,4.610680087995521
5,4.6689877636602315
5,4.807417767333475
5,4.589843970854563
5,4.733513042606802
5,4.759651005797666
5,4.9843597805665425
5,5.3635945084793555
5,5.318980312407333
5,5.165061331245842
5,4.814213442065722
5,4.880216437874271
5,4.7379065223359245
4,4.105285098185082
4,4.194214223649982
4,4.155810948723522
4,4.247189551747514
4,4.262901042969475
4,3.9654625836791157
4,3.8316964670413682
4,3.8410247140778875
4,4.075846638029445
4,4.176782448290453
4,4.108993162441528
4,4.000723421297343
4,3.926628969608787
4,4.104011794183743
4,4.567919051113435
4,4.6477690130716445
4,4.592585526749488
4,4.585122321562563
4,4.5865405045320875
4,4.447376028567716
4,4.502148044893852
4,4.682244128610833
4,4.435242944174817
4,4.604232108823421
4,4.366696662302935
4,4.191003343508828
4,4.324719155336809
4,4.082449807101007
6,5.741723443500248
6,5.937309736630925
6,5.905929661065913
6,5.639054434278381
6,5.985876505219061
6,6.058890428427393
6,6.051616455037067
6,6.092824127420911
6,5.9183242947777845
6,5.883093285259725
6,6.006280601902395
6,5.926952461992481
6,6.213592865303131
6,5.959578644038394
6,5.598108276055784
6,6.0041151404290805
6,5.926828936465856
6,5.7662727738667705
6,5.580655001043358
6,5.594563205774964
6,5.614251162234661
6,5.640974397996137
6,5.906593296523175
6,5.755859119735074
6,5.998048580950514
6,6.013872306152876
6,5.865240847386141
1,1.8654691339086586
1,1.007769315963328
1,0.8974174362788263
1,1.321966163215603
1,1.5966198702411365
1,1.354916777269993
1,0.6823994339526607
1,0.9066668267004641
1,1.0954273101562864
1,0.9378151618202581
1,0.8302766654764211
1,0.6166120091580085
1,0.8939246872892022
1,1.169542370940421
1,1.502839950472005
1,1.3996460439602965
1,1.10130967705665
1,0.945114833367648
1,1.1146872076216447
1,1.0577765544382296
1,0.9462325288879874
1,1.0436755098006998
1,1.1003073551924332
1,1.3319608415439634
1,1.4617039609043694
1,1.1635694801937824
1,0.9698088726235592
3,2.6785775341926366
3,2.874293306075492
3,2.9106887440202502
3,2.6050509912677815
3,2.6133220477891888
3,2.783326218133225
3,2.6852844570685446
3,3.098715702769452
3,2.720590714721955
3,2.908997363722369
3,2.6587003365467217
3,2.5449630637099903
3,2.523718563350549
3,2.3829518479028136
3,2.4005046418859215
3,3.292257084618122
3,3.015358653433937
3,2.9442487603510634
3,3.0007111421585226
3,2.855306310701489
3,2.456361714025352
3,2.621286603858536
3,2.72391285738517
3,3.234927760338858
3,3.131723602783155
2,2.0310726941236164
2,2.026241659876952
2,2.2052667374206782
2,2.2542751831719183
2,2.4068693979857647
2,2.3094449830693384
2,1.9295979849627622
2,1.6384541045185697
2,1.9538966911323978
2,2.1267256342579106
2,2.295459059750457
2,1.9328302538660571
2,2.146846249747374
2,1.8907000797602629
2,2.1056083731002637
2,2.1414104505433738
2,1.925381239265772
2,1.9451674969814805
2,2.0586213344975937
2,1.608217704355162
2,1.9309426597809876
2,2.1192934568488946
2,1.8577702974838362
2,1.888187192605818
2,1.8528253007065045
2,1.7980684686405222
2,1.844439037825514
5,4.80488537678027
5,4.865068843849876
5,5.029404385665858
5,4.884247907805695
5,4.814223006418594
5,4.53960064889271
5,5.047984959165502
5,4.842999441777829
5,4.830469020129358
5,4.831256883581242
5,4.94634058529801
5,4.888834298566966
5,4.732919666495626
5,4.818313821872594
5,5.061213549868148
5,5.051090888479877
5,5.094434933121618
5,5.116168113218665
5,5.103419084143764
5,4.959257873986291
5,5.160924694033698
5,5.087953068775605
5,5.15216121555722
5,4.695967678674845
5,4.996217455296371
5,4.767684698832927
5,5.521006864684918
5,5.558123594078792
5,5.010421379591845
5,5.006446225656961
5,4.57210587132945
5,5.056726532399313
5,5.228137047264856
5,4.837340257950563
4,4.101822144642585
4,4.2067193601257
4,4.311874040902297
4,4.583772049265654
4,4.482422614429914
4,4.510709624692904
4,4.435399200974903
4,4.613416982703055
4,4.096434917564556
4,4.476355571186678
4,4.41239553461134
4,4.418938585494281
4,4.500534993710437
4,4.47925066688971
4,4.549190068733516
4,4.502023916301115
4,4.657202209981926
4,4.570748036034229
4,4.836472542633936
4,4.420335506381073
4,4.1625786424630355
4,4.158333980755717
4,4.264339004899092
6,5.976669498694272
6,5.78375514477823
6,6.017770711621209
6,6.075296921924647
6,6.234858797945587
6,6.167509825864123
6,5.788840535975808
6,5.894219372026796
6,5.972111320007882
6,6.083938434282276
6,5.785027520439783
6,6.066818339915901
6,6.271335229723505
6,5.9801280503804985
6,5.553828686880006
6,5.566914397021616
6,5.901591369908006
6,5.9550106085800305
6,6.076160542525988
6,5.947833592352672
6,6.059099578214676
6,6.0548327144846
6,5.657421615850618
6,5.534405147762197
6,6.1967378774733515
6,5.98083972535405
6,6.100993641309652
6,6.15262692020943
6,6.223915933070316
6,6.2218936459258565
6,6.074856824794636
6,6.002820755126674
6,6.195813223524487
1,0.9321837444347754
1,1.0566885145167189
1,1.027113487677917
1,1.0100605342210094
1,0.9248373144839084
1,0.8803139321428639
1,1.0694001532531576
1,1.1972542868601428
1,1.3792546793473779
1,1.4199171064474667
1,1.0043143589538763
1,1.252214554758004
1,0.9415635586052091
1,1.051769556209904
1,0.8646562397007367
1,1.1264494735335746
1,1.2241290653744077
1,1.0833677759472482
1,1.3746048068388994
1,1.303904076003167
1,0.9683265111377004
1,1.024637378975469
1,1.2224308110782642
3,2.9499550776840464
3,2.7139530056914314
3,2.7356304917142613
3,2.783357635098788
3,2.4337718076535535
3,2.8868675987064742
3,3.048381426372222
3,2.977980765125432
3,2.6391058407371046
3,2.9356096177109925
3,3.281122177926019
3,2.9637425859259796
3,3.0457155625328545
3,2.5345641250236577
3,2.999077372289701
3,2.5012604462250776
3,2.8386967021234644
3,2.7308448285350053
3,3.1201305713268574
3,3.1720722975019187
3,2.821942035044753
2,2.170739762420366
2,2.062537001646802
2,2.077674206451071
2,2.1905380472239044
2,1.7727817462938877
2,1.7639259234942541
2,1.946538333419425
2,1.966250335938636
2,2.021806437648933
2,2.0861711817309456
2,1.7677555326315262
2,1.865576244058878
2,1.836808549888051
2,2.023579306569413
2,1.9648784828278736
2,1.9140650846273046
2,1.8170532279502927
2,1.6932398221392515
2,1.6184021146964285
2,1.9307452869841568
2,1.6508252753441195
2,1.252935368015072
2,1.452382847626449
2,1.7042496440841275
2,2.1521460627012665
5,5.055321872484294
5,5.153765458249931
5,5.146640182265065
5,4.860896944165388
5,4.962641562079054
5,5.0042839952583105
5,5.08510132697929
5,5.0517284214903615
5,4.856027563419957
5,4.937153282377566
5,5.159695117925468
5,4.8811772702788145
5,4.691149966638972
5,4.652905307680427
5,4.884407713099357
5,5.016888423842358
5,5.2105767598961545
5,4.882506030789163
5,5.020039163327793
5,4.921031717819545
5,4.8047032813268356
5,4.873191081392383
5,4.955654222628469
5,5.101254541934713
5,5.0383108930847325
5,4.947831225480666
5,5.557751108191999
4,4.631928614620888
4,4.066787035775015
4,3.8683999521653223
4,4.102669614973644
4,4.156860111256005
4,4.369438145099
4,4.334734507581617
4,4.309449224595259
4,4.099687704396678
4,4.199709683837584
4,4.165762385480835
4,3.9249805716134234
4,3.6831832680967933
4,4.098275973630649
4,4.21862842022572
4,4.332118264473593
4,4.18601412610922
4,4.266099397868567
4,4.122293275582357
4,4.163755236425627
4,4.197695962819156
4,4.13290080093346
4,4.218748351027402
4,4.349074720314574
6,5.914490657388171
6,5.7717082054386335
6,5.923364615509159
6,5.931281755424408
6,6.006455742600451
6,5.908496565758443
6,5.912441772425289
6,5.979912058043885
6,6.055426784492765
6,5.726423783867822
6,5.708700199353652
6,5.553305973656874
6,5.693228185510039
6,6.131153445647484
6,5.569135571437846
6,5.805515942058452
6,5.709236054978317
6,5.9213320138096135
6,5.905419175538082
6,5.699547459576191
6,5.8845201849715965
6,5.904391886982081
6,5.6432084435442835
6,5.782440665839198
6,5.724910550385984
6,5.941885809135886
6,5.796559753124157
6,5.730048118755614
6,5.646952409773387
6,5.882342156475223
6,5.923332610343449
6,5.632708009225631
6,5.903493959512118
1,1.9562317921236811
1,1.7211441802905392
1,1.140004425932947
1,1.219492697654053
1,1.3012866571140482
1,0.8048605755192364
1,0.5600563269741068
1,0.7405143285433131
1,0.8231666708309233
1,0.950673003115277
1,0.8864010026422893
1,0.9864300461257156
1,0.834185634897942
1,0.7914687846287696
1,1.7536944240082302
1,1.3821268425101874
1,1.0869895284054008
1,1.0243313914994019
1,0.9295186458348179
1,0.9527197804832364
1,1.0022022042379826
1,1.430074310927945
1,0.990205669562334
1,0.6898721329722388
1,0.977149399447585
1,1.1756750761388073
1,1.0251850169379249
1,1.0936271859357318
1,0.8017225664128671
1,1.601784148685581
3,3.042660687958743
3,2.4068360339692974
3,1.9645005206810933
3,2.7368320051408865
3,2.90989810829525
3,2.7946643652195204
3,2.2804435384479533
3,2.4005852534117276
3,2.4781088479277864
3,2.2063338140611917
3,2.332622970132242
3,2.8206818568863605
3,2.7739008495721684
3,2.3851946518410414
3,2.109214374453606
3,2.3943078131878552
3,2.380275813204184
3,2.517110850919722
3,2.9761122309181465
3,2.994370594067318
3,2.6311997799497853
3,2.6262000071438196
3,2.286435556166538
3,2.154287957734791
3,2.5935297113626756
3,2.642040278560037
3,2.217150354613917
2,2.055382955396981
2,2.1912664875540857
2,2.0170307761509507
2,2.2865309038451596
2,2.231869402560271
2,2.126564754907079
2,2.041597043768776
2,1.8919749467467055
2,2.205397728085301
2,2.2562516842391687
2,2.1962298295317386
2,1.8693393576939998
2,2.0762324437865667
2,1.986293543504782
2,1.768685553766229
2,2.072427914514774
2,2.1443932910423946
2,1.9703548501728438
2,1.9124525498360465
2,2.5080123121384754
2,2.344413784999513
2,2.3396942968847907
2,2.1857236822730535
2,1.845370795532451
2,2.0149571726133035
2,2.2811443232358384
2,2.6231594151448263
2,2.0985185138459506
2,2.0386754298417764
2,1.9997156223414312
2,1.8862430151194425
5,5.15030083604642
5,5.499361734718297
5,4.887598977498918
5,4.915731924290756
5,4.869998769000218
5,4.925979643881736
5,4.878021808628468
5,4.930297016276018
5,4.877058998704168
5,5.02488587660816
5,5.126374169484393
5,5.212914570902772
5,5.037393378433924
5,4.720142620472078
5,5.345536603380987
5,4.807897434295559
5,5.00543604280835
5,5.02494279599547
5,5.191600336456002
5,5.193779648832724
5,5.1251375448249545
5,4.87887531381187
5,4.7326620730606965
5,4.796891102810964
5,4.88868028894585
5,4.773931827947846
5,5.220015188835856
5,5.101658997115928
5,5.137633827970478
5,4.996050561733142
4,3.7950741604556146
4,4.068790599059332
4,4.136845300450636
4,4.092809846738745
4,4.2625352961165905
4,4.15220757182712
4,4.130408670499369
4,4.170688720316478
4,4.080670674167333
4,4.00437901936202
4,3.859590309360967
4,3.9896144039845947
4,4.1236704384232965
4,4.207061742643647
4,4.329037101894195
4,4.290687845285156
4,4.389142445800707
4,4.29147458720688
4,4.125582349321295
4,4.207673742466074
4,4.261727718824836
4,4.249782442099688
4,4.233736069980414
4,4.367035775345408
4,4.347364821604117
6,5.709314889129956
6,5.754632263161534
6,5.66257461951964
6,5.490896803950583
6,5.848444503194852
6,5.644648649382871
6,5.925245739273212
6,5.943699863622436
6,5.977066380912981
6,6.134324791317147
6,6.090465949914879
6,6.079687144252087
6,6.193835267048929
6,6.000152323568669
6,5.712109817654836
6,5.673922051870318
6,6.078912929832043
6,6.05569394779967
6,5.925603245930466
6,6.057281864163794
6,6.337980536116707
6,5.961444560773407
6,5.976450307984956
6,5.861145082218229
6,6.032996703997453
6,6.125860617657908
6,5.603824780618394
6,5.663841241977468
6,6.243275851044337
1,1.7915086845132193
1,1.5516818514662853
1,1.2413502857457113
1,0.5980553332349565
1,0.9577401342219316
1,1.4638783791481318
1,1.2132422963579592
1,0.9866909148229599
1,1.2068790772107838
1,0.886181786263287
1,0.48699580644280793
1,0.8194535696769489
1,1.060185360597492
1,1.4228639942643095
1,1.0078060266841993
1,1.1310073878190705
1,1.310010731174545
1,1.1322023739736786
1,1.0808348129076637
1,1.1630160197694903
1,1.0612952297119396
1,1.0185653266345618
1,0.9308900781952647
1,1.0040858628866687
1,1.4622802199117073
1,1.7742859794658528
1,1.7306181290011318
3,2.494178794197926
3,2.1403599164955054
3,2.2380992127071613
3,2.4977904230566645
3,2.7560851935168134
3,2.036155041140719
3,2.248567254843546
3,2.7776571156354817
3,2.7250811767855065
3,2.1553155543687845
3,1.8922481111031908
3,2.0939464179415905
3,2.2276606819497484
3,2.0838223833842457
3,2.6788239052750087
3,2.641585827649858
3,2.9034067688514797
3,2.885372012909753
3,2.6614170851621135
3,2.2850550153884455
2,1.815201395864442
2,1.7840255500392717
2,1.7053128503933315
2,1.9952602806954518
2,2.0344812893369744
2,1.87519795978572
2,1.5973519084309946
2,1.7161515316737936
2,1.4882818338318984
2,1.842936371965309
2,1.6411961287365107
2,1.6885321613961408
2,1.686066232508407
2,1.2887095833171598
2,1.5936461819898349
2,1.8041389940391874
2,2.136556844814891
2,1.6949629402493844
2,1.9259010798028147
2,1.937917515648234
2,1.6744722632296711
2,1.6189253746309267
2,1.8495190414967368
2,1.5372952433396985
5,4.873502779194116
5,4.77567894438914
5,4.864437063390161
5,4.898224969359243
5,4.695956186484884
5,4.606849806458389
5,4.732378530701135
5,4.854612637368898
5,4.746086649847777
5,4.879515831575404
5,4.991674004257004
5,4.980299370702168
5,4.841193995471378
5,4.937879763742977
5,5.054815560360152
5,4.991387016348968
5,5.22605296288784
5,5.0229862946686925
5,5.043743647131045
5,5.095867825844839
5,5.162662895854072
5,5.173840966826676
5,4.952230014438548
5,4.88175785525688
5,4.85403785070755
5,5.0431053647864434
5,4.771827554354535
5,4.861814661820892
5,4.850422449956834
5,4.98065446085287
5,4.969878802454864
5,5.147270043550906
5,5.287428425985235
5,5.095806064528832
5,5.114461820098018
5,5.193599082547726
5,4.9227805800907385
5,5.112292121086814
5,4.893504122210283
5,4.872765762125395
4,4.118939367675686
4,4.167819919662385
4,3.973520819740431
4,4.200456466377382
4,3.7684692312184462
4,4.10200485698245
4,4.100574095404836
4,4.027498987657717
4,4.08138569721105
4,4.078264865716832
4,4.1950406110561165
4,4.061398274471482
4,3.853314454611024
4,3.853350568509678
4,3.9476328735032844
4,4.1601670073407355
4,4.186286328194375
4,4.19764959689254
4,4.251634135417912
4,4.160649557786026
4,4.260181677710969
4,4.215293498352334
4,4.2109264608585155
4,4.201803710342756
4,4.248295657712095
4,4.349164490367338
4,4.16803232477423
4,3.916056584847192
4,4.2829534006205705
4,4.463728735424057
6,5.6228699391254455
6,5.775185055482913
6,6.115359508595809
6,6.155620706859496
6,5.9090769927344295
6,5.90865520976695
6,5.870388758496151
6,6.036588199759575
6,6.126707727692613
6,5.865888505260269
6,5.874380056601559
6,5.769989405850212
6,5.67937514490035
6,5.859829676098152
6,6.081412375343827
6,5.6916797534872
6,5.84285383319658
6,6.134509458354055
6,6.175973306395544
6,5.830698779156053
6,5.495549296783362
6,5.601123000238825
6,6.04807034007739
6,6.09724871428633
6,5.995826861290771
6,5.896879645397569
6,5.988716605434749
6,5.964770800497497
6,5.732164640676103
6,6.00903126537451
6,5.766763187772533
6,5.852826083974725
1,1.3224459623044504
1,0.924919132525766
1,1.0194818324196793
1,1.1976476439249328
1,1.3124818375952572
1,1.0362177086520168
1,1.1199390857239933
1,1.3208120725899057
1,1.3395684810601685
1,1.3185686855192644
1,1.0014466093363876
1,0.827408681498111
1,0.8963854666982627
1,1.1899680231895138
1,1.5639177109094775
1,1.3102808754594353
1,0.9986965045433864
1,0.8064572659685694
1,0.690585173843306
1,1.1429741519417917
1,1.1697777139082919
1,0.9101963772587407
1,1.210066827864026
1,1.1322235383043888
1,1.062682738640246
1,1.3198431617460331
1,1.404668410750351
1,1.3536667879223017
1,1.2122272544532442
3,2.4902073163260234
3,2.3435539443362217
3,2.6657258995057553
3,2.782693417593999
3,3.034298593520853
3,2.6139132791069546
3,2.283167921953315
3,2.455324221665286
3,2.817600500414649
3,2.53105538402155
2,2.1725018318556346
2,2.3669934579362257
2,2.411073261100526
2,2.176192808058082
2,2.4780861264370415
2,2.4519510055905323
2,2.006546457746463
2,2.256577210319244
2,2.1929990337937237
2,2.4579305896691324
3,2.7773691409771732
3,2.738885789201266
3,2.6284661548160595
3,2.339954823339142
3,2.585401777722242
3,3.0627203437405908
3,2.9009090524780237
3,2.6869332288054686
3,2.7867852015158583
2,2.117311007304303
2,2.0505780244345213
2,2.083544774435406
2,2.2727953725235945
2,2.346501991246507
2,2.5789227584080714
2,2.34137378695522
2,2.356501001719785
2,2.7317424083610438
3,2.8315303654243653
3,2.7915219613823345
3,2.4661137462652043
3,2.585165495253446
3,2.5710419063119545
3,2.714711839166174
3,2.6245998423506482
3,2.6705454372434705
3,2.4351752363304
2,2.4526340722763487
2,2.6126636935761614
2,2.1696127693282836
2,2.372309340653011
2,2.411446056505336
2,2.328912488546875
2,2.1082980605810766
2,2.247663397132612
2,2.22425311875228
2,2.3892830593319614
5,4.946020214686441
5,4.89369246316525
5,4.835977885498531
5,4.87531718330826
5,4.963901202999117
5,4.844642921849997
5,4.6617873490359685
5,4.6810610743367995
5,4.7754070084858595
5,4.631014250706408
5,4.7942325900258
5,4.8645785624373
5,4.909618500985787
5,4.743635507462339
5,4.845583311969171
5,4.714378717208623
5,5.141358273070483
5,5.164469222418135
5,5.006671173548306
5,4.751887943716657
5,4.653670385677863
5,4.715844614945404
5,4.669069509938094
5,4.928447110812957
5,4.9710985087032356
5,4.80666746525246
5,5.031133436508844
5,5.0422570121687045
5,4.7210659408217595
5,4.709748895346692
5,4.822778052906827
5,4.694207513551274
5,4.5423406204851045
4,3.6976141848758095
4,4.031758806335743
4,3.907658782125528
4,4.1357709321156175
4,4.1959252920018875
4,4.357310875979901
4,4.1561478849245495
4,4.049229787113907
4,4.244793956057137
4,4.117748220291016
4,4.146397240650691
4,4.109105155235081
4,4.133134573364298
4,4.384444104074347
4,4.441461187193849
4,4.596672856366899
4,4.633525445402382
4,4.597551325782785
4,4.340204352733732
4,4.184168878074585
4,4.21841391395053
4,4.241014524585255
4,4.356185241750486
4,4.307733980725755
4,4.196239881518105
4,4.398799885872115
4,4.58236521396416
6,5.700097312112554
6,5.600784932929382
6,5.934353431117991
6,5.998892316348383
6,5.877666459284363
6,5.979603561392886
6,5.96171878038731
6,5.904310009360083
6,5.913876381224112
6,5.731746869245129
6,5.6944368081185095
6,5.737564640507978
6,5.79340091399299
6,5.87035362409656
6,5.832080654160591
6,6.000624278952457
6,5.572548096191495
6,5.642506258889727
6,5.773109614736395
6,5.875994682107747
6,5.911406096799249
6,5.778998385251278
6,5.890359556474227
6,5.861662211400722
6,6.000605182577589
6,5.676270878651132
6,5.665770034691443
6,5.743254863057765
6,5.821948566287081
6,5.66325617722969
6,5.594408372634989
6,5.598916104884882
6,5.73919298303038
1,1.2501357057418594
1,1.260719144077406
1,1.1196668419960796
1,1.398943808903569
1,1.2000286256549977
1,0.9727755780435849
1,0.8159970393150684
1,1.2605386996446826
1,1.3532558360559115
1,1.2773791722863836
1,0.9805271013206975
1,1.2691479111981825
1,1.2358462753350898
1,0.9541707120397516
1,1.4157839081015933
1,1.1518954435072528
1,0.9718972775371428
1,1.1161069823773673
1,0.9327484698113069
1,0.7763715291601656
1,0.7465898347326627
1,1.0199095651373526
1,1.1940915110515067
1,1.21090868296363
1,0.9541612993611928
1,0.7892585370840246
1,0.9987633281297317
3,2.4914380977572512
3,2.568417879842639
3,2.740951871500738
3,2.9338360553380016
3,2.613659825412265
3,2.6486867922659973
3,2.5908315145666454
3,2.4831587980651237
3,2.6700930591616165
3,2.467400890480907
3,2.8310352259068576
3,2.3091138839970036
3,2.5868899126140854
3,2.4128159643039684
3,2.300113958076418
3,2.3516017365016673
3,2.471777102048578
3,2.823366578837998
2,1.6407078903582089
2,1.8476345067918798
2,2.3849018439751974
2,2.1771072913521925
2,2.0343300510230073
2,1.968752211472009
2,1.8258382617618498
2,1.924993632263186
2,2.089169481070434
2,2.039060398534903
2,2.0672638497948297
2,2.0989891639492444
2,2.085837659629024
2,1.945493422164023
2,2.3168537261674262
2,1.9698051461358679
2,2.042701765194141
2,2.168410902838906
2,2.0704014143972325
2,2.3437545198385705
2,2.259515943822998
2,1.9862324452317344
2,2.0207054237807975
2,2.073555101216719
2,2.2446008784558265
2,2.2007871946002133
2,1.98876618945305
2,2.0628484488302465
2,2.1976776917956307
3,2.7346910239237188
3,2.809278076102793
3,2.831937120877104
3,2.764733071701886
3,2.7138775937785544
3,2.7366459977928566
3,2.6085601390061335
3,2.5668953405671524
3,2.6052064572290927
5,4.948641330139945
5,5.332222814833218
5,5.392960569782389
5,5.172322582515583
5,5.117238298509191
5,5.1797838877623725
5,4.793362152186174
5,5.018851307582541
5,4.978288108336767
5,4.646648540333608
5,4.88057064230652
5,4.685459696811544
5,4.938150605700438
5,4.8750495696231
5,4.638530443183726
5,4.756699211823413
5,4.700429808205307
5,5.042737715673921
5,4.825961127418717
5,4.452892676127631
5,4.149866662252046
5,4.863539778500611
5,4.73250269953616
5,4.2926238819465485
5,4.08067756399236
5,5.37014896585406
5,5.318465120325529
5,5.117566845421981
5,4.757449392742286
5,5.124345905601216
5,4.948103563251331
5,4.963995776439464
5,5.159877679374823
5,4.757683730223915
5,4.903565155328808
5,4.871172267803315
5,4.739562252210861
5,5.050031344275153
4,3.668725870357727
4,3.7697570428116913
4,3.682198459368422
4,4.086037540169517
4,4.155644484914305
4,4.1155987754339485
4,4.048772107122751
4,4.097890313596167
4,4.045478664934443
4,4.121620020223585
4,4.322412607904135
4,4.21082848982031
4,4.007229568397623
4,3.92689242024063
4,3.924407355625139
4,4.014699804089103
4,4.112464237584893
4,4.023840228736538
4,3.7451013414080734
4,3.638951183721731
4,3.8478983219884118
4,3.9125324918186677
4,4.010710989525521
4,4.242545811590537
4,4.375035403871732
4,4.489442228982247
4,4.104352759511708
4,3.961164047065307
4,3.982931285612703
4,3.9498198998915317
4,4.011729187778913
4,4.027018743857496
4,4.175646288895365
4,4.127090497597645
4,4.0848546742956175
4,4.287273948829598
6,6.213523444348414
6,5.788445801485386
6,5.819170934292759
6,5.6973901043487825
6,5.995213462431719
6,6.25525655526327
6,6.240472778742734
6,6.30684202006182
6,6.359256846926183
6,5.986017031999527
6,6.047356734126351
6,5.886047423632403
6,6.013553319612034
6,6.310857026627873
6,6.258014081294108
6,6.226574832989202
6,5.622417757481414
6,6.180813427673035
6,6.382705491588851
6,6.261862181574664
6,6.252254206858561
6,6.052689603046128
6,5.9666374084930585
6,5.842092955705301
6,6.019900539171113
6,6.089654351270208
6,5.883642191578009
6,5.5972450930281425
6,5.678333137254786
6,6.028179081345152
6,5.937394729985625
1,1.550188158295121
1,1.181065873517427
1,0.9457222227732194
1,0.8972119433804409
1,0.945855573748672
1,0.7289137293194807
1,0.7843970248569949
1,0.922563922108564
1,1.406748738680788
1,1.1161909608555738
1,1.047702601298731
1,1.3443736546748948
1,1.0331393937368478
1,0.9491157722813317
1,1.402333856553743
1,1.15581173971212
1,0.8235422965356283
1,1.1216502894662237
1,0.9061731116336356
1,0.7899939437317305
1,0.9594147850896402
1,1.265565744379292
1,0.7391213081793153
1,0.9939700543650996
1,0.7114143572217562
1,0.8578475547848066
1,0.9591412156638643
3,2.969654037960376
3,2.874587518744836
3,3.4402251303698574
3,3.63953177850589
3,2.869077530041526
3,2.7171448616289924
3,2.743347632787079
3,2.5669072776245185
3,2.46369972459026
3,2.3663801254449544
3,3.003494846656376
3,2.9254526158271936
3,2.455273673274008
3,2.8218353660497
3,2.924647998189381
3,2.2221169211355303
3,2.257071032251154
3,2.157419421404459
3,2.527787643779723
3,2.261406625968638
3,2.315688852924784
3,2.174457889869256
2,1.7749431812749261
2,1.7518384958203472
2,1.980041718063268
2,2.1040103847697633
2,2.1789831384612963
2,2.1971407538505936
2,1.3762018120734267
2,1.8073191149622538
2,2.2021323507708814
2,2.172223287470444
2,2.3751597146093797
2,2.535476787778456
2,1.9879814142571552
2,1.9725540268891388
2,2.049045270509615
2,2.1177920836066684
2,2.35693535266857
2,2.324043854953521
2,2.1726560913729664
2,2.3327587279613424
2,1.9020842834153817
2,1.9049402388431425
2,2.3181071044458608
2,1.6655340849368483
2,1.7809919285585205
2,2.592794181843792
5,4.473202797387746
5,4.309904175683277
5,4.954945844465336
5,4.5612707595161535
5,4.6486783943181536
5,4.82041420940126
5,5.207358185846462
5,5.277424759362953
5,5.118753544970019
5,5.270543866276602
5,5.485466406868007
5,5.676839444747014
5,5.357710253842223
5,5.144003341415325
5,5.047585977470208
5,4.961264603504216
5,4.874448792676521
5,5.574717326238201
5,5.318903205082064
5,5.364598739041156
5,4.226539495268156
5,5.120146668935639
5,5.803033128525609
5,5.315506002198961
5,5.302775450383727
5,5.275611464767925
5,5.49406698683593
5,5.392251752633687
5,5.538206623164502
5,5.756561025727921
5,5.590990824129577
5,5.493690233545971
5,5.252714769009013
5,5.245771571493836
5,5.27434162858858
4,4.670970324471613
4,5.0905097781922155
4,4.736564749712605
4,4.8752597613667366
4,4.677885098128686
4,4.434085735610507
4,4.358564902763679
4,4.2230204276588
4,4.201093065489749
4,4.394234166270844
4,4.513420614488987
4,4.588928272782937
4,4.533621614865316
4,4.143029381450716
4,4.445160810076842
4,4.62815924775241
4,4.493444047540049
4,4.392943593607833
4,4.32469093191889
4,4.18910777268747
4,4.419001457839743
4,4.290958160337696
4,4.192053382833561
4,4.550305278466277
4,4.5348726255402525
4,4.3854683446457585
4,4.41351183623342
4,4.660869642331999
4,4.599623123675485
4,4.587125241398768
6,6.44418683784261
6,6.011795768596096
6,5.908084415906548
6,5.957520472837334
6,5.773796775963262
6,5.697107305127124
6,5.876630409168683
6,5.809950151834931
6,5.665986398146572
6,5.761688508849798
6,5.953621340656385
6,6.08011485692558
6,6.029856035156796
6,5.895140646046973
6,5.777325384498901
6,5.899964888510404
6,6.219012018399476
6,6.321653484637938
6,6.6065524100585975
6,6.69101500810479
6,6.269291785909922
6,6.461078739091219
6,6.614227123149973
6,6.576574978623931
6,6.553247523080623
6,6.522450648620629
6,6.4635884579296246
6,6.353622235493759
6,6.330591988520888
6,6.477617656043741
6,6.515592299741991
6,6.407087199610978
6,6.528032050922871
6,6.626937662810926
6,6.697390527009487
6,6.650545292670914
6,6.50538861465375
1,2.4437797834179875
1,1.926944425789743
1,1.9347135979361338
1,1.9067138886998523
1,1.9121112094581192
1,1.5180311860221476
1,1.761926996658083
1,1.3358754753623567
1,1.474623910782038
1,1.62610088860397
1,1.3989497067638852
1,1.2915027415647975
1,1.7806336831836946
1,2.1629013260279666
1,1.7771288101891436
1,1.5950697765258042
1,1.6073857879107698
1,1.3956630631394038
1,1.4029617720833625
1,1.2722970689052713
1,1.544094943875395
1,1.3939445572845326
1,1.864262876462242
1,1.4327363115810665
3,2.3502975983836842
3,2.1023763626802503
3,2.2974455821076036
3,2.889612866235209
3,2.994021452979779
3,2.846232918867944
3,2.6864842744319297
3,2.3542486941952157
3,2.157924024239981
3,2.527255653519447
3,1.9927069836608007
3,2.7467179336442666
3,2.26652904096941
3,2.1761301992642794
3,2.163344224556794
3,3.0087869502403426
3,2.481306863295896
3,2.1793431804077987
3,2.039462933426609
3,2.349364140192328
3,2.577476965154601
3,2.4048206717688556
3,2.2722425961484376
2,1.823965644185636
2,1.4113629604992965
2,2.0256934241643654
2,1.9161012545652678
2,2.1846017639166586
2,2.6465423938558605
2,2.2380468628237837
2,1.833055848391136
2,2.331106918806226
2,2.328113791986608
2,2.3578073519783382
2,2.227286327824033
2,2.106008930576741
2,2.439623214244863
2,2.274993621747777
2,1.8033835371832705
2,2.282476565269967
2,1.9601366428865554
2,2.079185182360619
2,2.4532343867005366
2,2.5552942841881445
2,2.131381101094686
2,2.0614677182447494
2,1.9427154332750747
2,1.803528764639009
5,4.639191462578431
5,4.765555844330036
5,4.417889671513454
5,4.244755471311204
5,4.8695917549954375
5,5.005016014251154
5,4.963388540649238
5,5.093625508310233
5,5.025448976699451
5,4.952088228033372
5,4.925305907849482
5,4.800589790932744
5,4.916000868381445
5,4.863496369546391
5,4.7263836657136835
5,4.762261327065918
5,4.76610015953758
5,4.903611688842651
5,4.722497782073735
5,4.669651089908473
5,4.613910484083591
5,4.871500388582247
5,5.061129500215063
5,5.137107136243056
5,5.075706947118256
5,4.694735291389057
5,4.83495869618399
5,5.170908961711132
5,5.017549789753609
5,4.988509812944562
5,4.932371312189735
5,4.955429659389398
5,4.841283493814379
4,3.936119987860989
4,3.9806004580556515
4,4.013922121848617
4,3.9067370016172034
4,3.7786566918860753
4,4.122617106117645
4,4.031525331724863
4,4.140226872762577
4,4.232089182893146
4,4.209958944529149
4,4.1479179925399885
4,3.6965874866672124
4,3.9714430220978425
4,4.041475643626761
4,3.9555948999746127
4,3.9970512963032947
4,3.9230959562256245
4,4.036606414476335
4,3.9081400740523504
4,4.58931465306262
4,4.352033492490992
4,4.054591968447599
4,3.984592579613033
4,4.0121510165963326
4,4.11915973410183
4,4.146610463140834
4,4.0701808875593715
4,4.2578431118177535
4,4.197465042670565
4,4.118448785031039
4,4.097072118245521
4,4.040151116637609
4,4.116341308445518
4,4.07384018009434
6,6.21602538374567
6,5.614734718678768
6,5.601732249024268
6,5.540840909163192
6,5.568375976183823
6,5.5820747979563095
6,5.629356210628021
6,5.568305475131454
6,5.7972057595092235
6,5.647527741593991
6,5.460059025504845
6,5.485793980755519
6,5.58505614886672
6,5.817521325803156
6,5.915742744312224
6,5.797005569333511
6,5.756840182444465
6,6.167967263609403
6,6.079795992725424
6,5.852297051090729
6,6.0213675018152895
6,5.947369567055233
6,6.016092536967349
6,5.911393920120993
6,5.935622710379616
6,6.02834331299454
6,6.069379494963445
6,5.91472470208742
6,6.095685292228262
6,5.861498439545234
6,5.880471053480871
6,5.989089532775366
6,5.953325748775896
6,5.821645440757826
6,5.749362003385836
6,6.216203040189285
1,1.5464693174606419
1,1.3208680561551853
1,1.120968878391487
1,1.2404439949899073
1,1.3214460541259676
1,1.3347067489595368
1,1.2702625452822596
1,1.2181277324604314
1,1.3824751183838582
1,1.3385681753236751
1,1.2432899835208504
1,1.391608589431197
1,1.2816173660584842
1,1.1020783125585223
1,1.4194676759018208
1,1.218013774978803
1,0.8651401063025954
1,1.3422604749970675
1,1.1955987423219048
1,0.9717433746396544
1,0.9165843810064387
1,1.0821878915957015
1,1.0966190420871178
1,1.31470015987819
1,1.2257935694790882
1,0.8058570106959344
1,0.8620489470713251
1,1.0801526237688375
3,3.13039638987002
3,2.9305461342456427
3,2.865550345217933
3,2.8631679175212073
3,2.8214594394875903
3,2.733084673840235
3,2.8327939327408913
3,2.9677261328363382
3,2.7249178294223357
3,2.5519302956031695
3,2.56042212726331
3,2.1963659576341428
3,2.587046923723202
3,2.249722001249605
3,2.870226939820067
3,3.2343822620003366
3,2.7528328261431128
3,2.952952080921533
3,3.327828543383431
3,3.072611777409411
3,2.719433777915804
3,2.7942928370846936
3,2.4742400434925855
3,2.339692794908582
3,2.817198724319285
3,2.8429329807036554
3,3.1883209383601736
2,2.0822672629361536
2,2.113629217933393
2,2.2679078885323376
2,2.4273976571178055
2,2.2831342404526342
2,1.9467277025513339
2,2.2167436115012613
2,2.019278484889956
2,1.6653998727584982
2,1.8517034213224248
2,2.221035184163245
2,1.9578646597735594
2,1.8013709724772466
2,1.8825839991548765
2,2.2512378309819034
2,2.048593490431321
2,2.0501163697680247
2,1.8833179204497479
2,1.6432755182666234
2,1.9922053495022718
2,1.9341856743252819
2,1.9442641620871126
2,2.072244574689506
2,2.1279080465945963
2,2.002697925579688
2,2.068481606303376
2,1.8497471217496668
2,1.7227963129748647
2,1.8983429412212314
5,4.6513360337633545
5,4.790052436355548
5,4.593592370765512
5,4.691900768773392
5,4.817486532608653
5,4.914203485915454
5,4.770778913738183
5,4.824182257924162
5,4.983170842792058
5,4.94688656009999
5,5.013596496304142
5,4.943916058722924
5,5.0885662284482756
5,5.018630598600856
5,4.966734792665423
5,5.169517188627561
5,4.960602757738924
5,4.826984787592787
5,5.047546988730387
5,4.4878474153653825
5,4.428072485358573
5,4.634884693111542
5,4.73748403907621
5,4.752125425106339
5,4.802103276633044
5,4.673237314977223
5,4.765173825460993
5,4.907128457008238
5,4.945829756379009
5,5.0608607221978215
5,4.778839790977403
5,4.787727227407026
5,4.780855631254857
5,4.823927649671105
5,4.893422028955786
5,4.630528837231957
4,3.6358521180192067
4,3.9337028894916317
4,3.7101234177392217
4,3.974743681447533
4,3.966344079267691
4,3.882111082059998
4,4.18429728695344
4,4.235758094219325
4,4.123789005997747
4,3.9162981182426355
4,3.9524970184820574
4,3.6931074832087716
4,3.6649908617689473
4,3.9984409628509137
4,3.9059153692493203
4,4.113073811555031
4,4.331702471576117
4,4.068746092549724
4,4.205560466253585
4,4.393755973884925
4,4.395843906351104
4,4.198500275518983
4,4.175927732881565
4,4.32414839220767
4,4.430466000686706
4,4.243859915248356
4,4.1336690197212125
4,4.084755755408929
4,4.122779657590117
4,4.180762995158618
4,4.079392216170547
4,4.38185585700724
4,4.228735137914386
4,4.2028678729595965
6,6.081477560764094
6,5.897201958611875
6,5.789778154740071
6,6.069824271620998
6,5.796578836385673
6,5.836861556131698
6,5.90516883178147
6,5.7246801439344965
6,5.4992971314026065
6,5.726649324418485
6,5.731088549131225
6,5.6078925438500775
6,5.904146173460845
6,5.956628741992205
6,5.961091056786867
6,5.891529346459988
6,5.6494270622164375
6,6.29353958898627
6,6.215892978009952
6,5.9551794595628085
6,5.735535814874456
6,5.6218441446244025
6,5.87960242490644
6,5.944636647624952
6,5.745290446600906
6,5.903631093389815
6,5.939069919583681
6,5.7226707580734235
6,5.551878652339699
6,5.717781522818312
6,5.5930169063072706
6,5.337820533051447
6,5.496189999501828
6,5.725682744366663
6,5.595154866045899
6,5.526758493065829
1,1.4257473809360137
1,1.0817893654186799
1,1.1143576811025828
1,1.1675249632261253
1,0.8885208363317867
1,1.0214766542522251
1,1.5699472111830945
1,1.4191897351360092
1,1.4421793622598158
1,1.399238756004547
1,1.5332860378454463
1,1.4512749649121717
1,1.1782597092807365
1,1.2127742558887884
1,1.4838996521830197
1,1.190591637911277
1,1.136665301388852
1,0.9357649017512482
1,1.224516274598637
1,1.3967147310403045
1,1.2566856331616085
1,1.0195259886071613
1,0.9405212536330043
1,1.026435051027486
1,1.262033958097322
1,1.2003882991162627
1,1.180595609455482
1,1.7712829307626596
1,1.8246119324637529
1,1.8522561589804836
3,2.881209418212896
3,2.7108217816198663
3,2.7046598031940157
3,2.8487679636767558
3,2.6999387024231085
3,2.7204291365608237
3,2.5319316676172607
3,2.887730011591435
3,3.1284450378157205
3,2.7699592302208895
3,2.820435596638486
3,2.737862159783595
3,2.4535032609488807
3,2.356255225294035
3,2.650381697266174
3,2.46298118689642
3,2.267425415727711
3,3.090879010188665
3,3.020109104555105
2,2.2110283394512464
2,2.061743873209135
2,1.8929203145500886
2,2.0378606951600515
2,1.974376922877601
2,2.154550986899171
2,2.048490904746131
2,1.9305076857738634
2,2.0234653594329313
2,1.9728848336224756
2,2.293399090010711
2,2.176911677514899
2,1.879959677277086
2,2.0227971007450387
2,2.1906564576696237
2,2.0795032381337033
2,1.9747242745848492
2,1.620765183796351
2,1.869194362135337
2,1.8481341655338481
3,3.1235626402569543
3,2.965516410251024
3,2.7210023341371654
3,2.51068118689029
3,2.8972890999134995
3,2.419746455968685
3,2.382767811910047
3,2.577556692372152
3,2.517806960000612
2,2.034677648139447
2,2.2381313617119645
2,2.1998764086431435
2,2.0432167647359205
2,1.9967168307489798
2,2.153118014680161
2,1.820638245046872
2,1.7592617027469812
2,1.8615688832449084
2,1.827409006544665
